month,month_name,pv_share,heating_share,cooling_share,other_share
1,Jan,0.07107,0.3,0.0,0.09
2,Feb,0.062788,0.2,0.0,0.08
3,Mar,0.074901,0.1,0.0,0.08
4,Apr,0.080418,0.02,0.02,0.08
5,May,0.091562,0.0,0.05,0.08
6,Jun,0.081937,0.0,0.15,0.08
7,Jul,0.110778,0.0,0.3,0.085
8,Aug,0.097065,0.0,0.3,0.085
9,Sep,0.092574,0.0,0.15,0.08
10,Oct,0.089704,0.03,0.03,0.08
11,Nov,0.076392,0.1,0.0,0.09
12,Dec,0.07081,0.25,0.0,0.09
